алгоритм \ оптимизация,номер в статье Ильи М.,,,,,,,,,,,
multsrc_adv ,-,,,,,,,,,,,
-e (empty) ,2,,,,,,,,,цвет,значение,
-f (format) ,3,,,,,,,,,,наименьшее среднее,
-l (lazy) ,4,,,,,,,,,,2-ое наименьшее среднее,"(если средние одинаковые, то по отклонению --- чем больше, тем хуже)"
-b (block) ,5,,,,,,,,,,наибольшее среднее,
-r (rewritten) ,6,,,,,,,,,,ООМ,
,,,среднее по 2 выборкам стартовых,,15 запусков,,время в сек.,,,,,
,,,,,,,,,,"у rdf-графов нет переписанных грамматик, поэтому стоит "" - "" в столбце с этой оптимизацией",,
1%,,,,,,,,,,,,
графы \ алгоритмы,% нач. вершин,тип графа,multsrc_adv,multsrc_adv -e,multsrc_adv -f,multsrc_adv -l,multsrc_adv -r,multsrc_adv -b,,,,
init,1,c_alias,18.8 ± 0.6,22.0 ± 0.6,29.1 ± 1.6,23.5 ± 0.4,9.7 ± 0.1,19.9 ± 0.6,,,,
arch,1,c_alias,25.9 ± 0.5,25.5 ± 0.5,35.2 ± 1.0,26.2 ± 1.4,13.0 ± 0.1,25.0 ± 0.6,,,,
block,1,c_alias,24.7 ± 0.3,24.4 ± 0.9,33.5 ± 1.8,24.5 ± 1.2,13.1 ± 0.3,25.2 ± 0.7,,,,
crypto,1,c_alias,28.5 ± 0.8,27.9 ± 0.8,38.6 ± 1.2,28.1 ± 1.0,13.9 ± 0.2,27.8 ± 1.0,,,,
drivers,1,c_alias,52.4 ± 0.7,50.6 ± 1.1,70.7 ± 0.8,54.4 ± 0.6,28.1 ± 0.2,52.3 ± 0.6,,,,
mm,1,c_alias,21.2 ± 0.5,22.4 ± 0.8,29.9 ± 1.0,23.3 ± 0.9,10.3 ± 0.2,23.1 ± 0.7,,,,
ipc,1,c_alias,23.9 ± 0.6,25.2 ± 1.1,33.9 ± 1.2,23.9 ± 0.8,12.5 ± 0.3,24.9 ± 0.6,,,,
lib,1,c_alias,24.7 ± 0.4,25.7 ± 0.7,33.6 ± 0.9,25.6 ± 1.1,12.5 ± 0.1,25.2 ± 0.5,,,,
security,1,c_alias,30.1 ± 0.4,30.4 ± 0.9,41.5 ± 1.3,31.5 ± 1.8,17.6 ± 0.1,30.3 ± 0.5,,,,
sound,1,c_alias,31.8 ± 0.9,29.9 ± 0.4,42.4 ± 0.8,30.4 ± 1.1,19.6 ± 0.2,31.2 ± 1.1,,,,
fs,1,c_alias,34.1 ± 0.6,33.0 ± 0.9,45.9 ± 0.8,32.1 ± 1.0,18.7 ± 0.1,34.2 ± 0.9,,,,
net,1,c_alias,44.6 ± 0.8,43.2 ± 0.7,61.1 ± 1.0,44.2 ± 1.2,23.4 ± 0.4,44.7 ± 0.7,,,,
go_hierarchy,1,rdf,0.24 ± 0.02,0.19 ± 0.01,0.24 ± 0.01,0.27 ± 0.01,-,0.23 ± 0.01,,,,
go,1,rdf,1.08 ± 0.11,0.86 ± 0.04,1.62 ± 0.05,1.07 ± 0.05,-,0.98 ± 0.04,,,,
taxonomy_hierarchy,1,rdf,6.64 ± 0.17,6.35 ± 0.14,10.00 ± 0.25,7.02 ± 0.23,-,6.09 ± 0.15,,,,
avrora,1,java,165.6 ± 3.3,38.6 ± 0.7,277.7 ± 5.8,68.4 ± 0.7,118.3 ± 3.0,ООМ,,,,
batik,1,java,567.0 ± 15.6,102.4 ± 0.6,959.7 ± 10.3,159.0 ± 0.9,204.2 ± 4.5,ООМ,,,,
commons_io,1,java,269.56 ± 0.03,100.8 ± 0.8,415.1 ± 0.1,150.4 ± 0.1,196.0 ± 0.2,ООМ,,,,
commons_lang3,1,java,315.6 ± 2.9,60.0 ± 1.4,724.9 ± 6.1,96.8 ± 0.6,120.8 ± 0.7,ООМ,,,,
eclipse,1,java,300.9 ± 3.3,52.4 ± 0.7,467.9 ± 1.4,86.4 ± 0.2,165.8 ± 0.7,ООМ,,,,
fop,1,java,957.5 ± 1.3,201.3 ± 0.5,1817.7 ± 109.1,279.9 ± 0.4,731.7 ± 4.3,ООМ,,,,
gson,1,java,140.0 ± 3.2,71.0 ± 0.6,218.8 ± 0.4,91.2 ± 3.8,131.8 ± 0.5,ООМ,,,,
h2,1,java,755.5 ± 5.7,391.3 ± 14.4,845.0 ± 2.5,527.3 ± 14.7,550.5 ± 14.3,ООМ,,,,
luindex,1,java,77.9 ± 1.4,13.1 ± 0.6,117.3 ± 2.8,28.88 ± 0.04,27.1 ± 0.2,ООМ,,,,
mockito,1,java,512.7 ± 3.0,250.7 ± 9.8,627.6 ± 2.6,303.7 ± 1.3,357.1 ± 0.6,ООМ,,,,
pmd,1,java,712.3 ± 1.3,147.1 ± 12.6,1291.0 ± 10.7,196.0 ± 0.4,294.9 ± 0.3,ООМ,,,,
sunflow,1,java,38.9 ± 0.5,5.8 ± 0.3,47.0 ± 1.6,14.4 ± 0.1,13.7 ± 0.1,ООМ,,,,
xalan,1,java,840.9 ± 5.6,160.8 ± 1.8,1570.8 ± 0.5,265.3 ± 0.5,484.8 ± 1.0,ООМ,,,,
tomcat,1,java,1714.2 ± 44.8,359.9 ± 2.4,3199.5 ± 66.1,485.7 ± 0.5,740.4 ± 6.5,ООМ,,,,
,,,,,,,,,,,,
5%,,,,,,,,,,,,
графы \ алгоритмы,% нач. вершин,тип графа,multsrc_adv,multsrc_adv -e,multsrc_adv -f,multsrc_adv -l,multsrc_adv -r,multsrc_adv -b,,,,
init,5,c_alias,55.0 ± 2.6,52.7 ± 2.1,96.7 ± 4.7,83.7 ± 4.2,23.8 ± 0.4,50.4 ± 0.8,,,,
arch,5,c_alias,94.5 ± 0.5,102.1 ± 2.8,84.8 ± 0.4,142.4 ± 5.3,43.7 ± 0.5,95.1 ± 0.2,,,,
block,5,c_alias,87.3 ± 0.5,96.8 ± 0.9,142.7 ± 1.0,130.3 ± 0.8,42.8 ± 0.9,85.6 ± 1.4,,,,
crypto,5,c_alias,71.6 ± 0.3,76.3 ± 2.6,133.7 ± 0.5,108.3 ± 4.6,34.5 ± 0.4,72.5 ± 0.2,,,,
drivers,5,c_alias,146.3 ± 0.7,156.2 ± 0.8,164.3 ± 0.7,208.0 ± 0.7,77.2 ± 0.5,149.7 ± 0.4,,,,
mm,5,c_alias,48.2 ± 2.4,49.3 ± 4.5,177.9 ± 0.9,72.0 ± 0.8,21.4 ± 0.2,43.2 ± 0.1,,,,
ipc,5,c_alias,75.3 ± 0.6,79.3 ± 0.7,133.1 ± 0.4,113.2 ± 0.7,35.3 ± 0.8,71.1 ± 0.5,,,,
lib,5,c_alias,71.6 ± 0.8,77.2 ± 0.9,154.0 ± 0.5,106.7 ± 0.7,33.1 ± 0.2,68.3 ± 0.4,,,,
security,5,c_alias,83.1 ± 0.6,88.5 ± 2.7,180.0 ± 0.5,124.9 ± 0.7,41.7 ± 0.4,84.4 ± 0.2,,,,
sound,5,c_alias,96.5 ± 0.5,102.9 ± 0.6,177.1 ± 0.7,143.2 ± 0.7,46.2 ± 0.4,97.1 ± 0.2,,,,
fs,5,c_alias,93.9 ± 0.5,100.1 ± 0.5,298.7 ± 1.1,139.2 ± 0.4,55.5 ± 0.5,95.5 ± 0.2,,,,
net,5,c_alias,155.7 ± 0.5,167.1 ± 0.9,284.2 ± 0.8,231.3 ± 0.8,84.1 ± 0.7,158.6 ± 0.6,,,,
go_hierarchy,5,rdf,0.20 ± 0.01,0.21 ± 0.02,0.26 ± 0.03,0.25 ± 0.02,-,0.22 ± 0.03,,,,
go,5,rdf,2.22 ± 0.12,2.35 ± 0.14,3.84 ± 0.11,2.46 ± 0.07,-,2.08 ± 0.04,,,,
taxonomy_hierarchy,5,rdf,10.94 ± 0.24,11.25 ± 0.18,17.49 ± 0.32,12.44 ± 0.24,-,10.53 ± 0.16,,,,
avrora,5,java,282.9 ± 8.5,128.8 ± 2.1,474.5 ± 17.6,188.0 ± 2.4,287.8 ± 4.1,ООМ,,,,
batik,5,java,945.6 ± 4.7,435.7 ± 3.2,944.5 ± 50.5,590.8 ± 49.0,649.9 ± 5.2,ООМ,,,,
commons_io,5,java,255.9 ± 1.1,105.2 ± 1.3,337.1 ± 3.1,172.5 ± 0.4,222.6 ± 1.7,ООМ,,,,
commons_lang3,5,java,525.4 ± 9.6,211.5 ± 3.3,716.0 ± 20.1,306.0 ± 0.1,430.4 ± 0.6,ООМ,,,,
eclipse,5,java,403.9 ± 6.1,182.4 ± 0.4,494.0 ± 14.2,253.4 ± 0.3,430.3 ± 1.1,ООМ,,,,
fop,5,java,1461.7 ± 9.8,751.5 ± 2.9,2110.6 ± 115.7,968.5 ± 3.7,1391.9 ± 0.1,ООМ,,,,
gson,5,java,167.7 ± 6.5,99.5 ± 3.0,235.0 ± 3.7,110.5 ± 0.1,142.8 ± 0.3,ООМ,,,,
h2,5,java,891.4 ± 13.3,534.2 ± 19.4,931.3 ± 40.0,569.4 ± 2.1,523.8 ± 3.0,ООМ,,,,
luindex,5,java,121.0 ± 2.6,54.7 ± 1.2,183.8 ± 4.0,77.5 ± 0.1,72.5 ± 0.2,ООМ,,,,
mockito,5,java,496.4 ± 2.3,267.7 ± 0.1,729.1 ± 3.1,345.6 ± 0.8,325.7 ± 1.1,ООМ,,,,
pmd,5,java,1341.7 ± 20.3,527.6 ± 2.5,1672.3 ± 44.0,639.2 ± 0.1,810.7 ± 4.5,ООМ,,,,
sunflow,5,java,67.1 ± 0.9,26.8 ± 0.2,86.3 ± 0.6,38.7 ± 0.2,37.6 ± 0.3,ООМ,,,,
xalan,5,java,1403.3 ± 3.0,634.6 ± 2.1,1539.9 ± 71.4,841.7 ± 0.5,1233.2 ± 6.7,ООМ,,,,
tomcat,5,java,2866.4 ± 47.0,1392.1 ± 4.4,4580.3 ± 35.6,1772.4 ± 7.6,1658.5 ± 15.4,ООМ,,,,