алгоритм \ оптимизация,номер в статье Ильи М.,,,,маска,описание,,,,,,,,,,,,,,,,,,,,,
multsrc,-,,,,-,базовый неоптимизированный алгоритм Арсения Терехова,,,,,,,,,,,,,,,,,,,,,
multsrc_adv ,-,,,,0b0 (базовая),multsrc переписанный на основе _adv алгоритма хомки homka122,,,,,,,,,,,,,,,,,,,,,
-e (empty) ,2,,,,0b1,оптимизация операций с пустыми матрицами,,,,,,,,,,,,,,,,,,,,,
-f (format) ,3,,,,0b10,храним 2 формата матриц,,,,,,,,,,,,,,,,,,,,,
-l (lazy) ,4,,,,0b100,лениво складываем матрицы,,,,,,,,,,,,,,,,,,,,,
-b (block) ,5,,,,0b1000,оптимизация индексированных грамматик,,,,,,,,,,,,,,,,,,,,,
w (rewritten) ,6,,,,-,более качественные грамматики,,,,,,,,,,,,,,,,,,,,,
,,,,,,,,,,,,,,,,,,,,,,,,,,,
1% вершин,выборка 0,,,,,,,,,,,,,,,,,,,,,,,,,,
,,,,,,,,,,,,,,,,,,,,,,,,,,,
,,,,,,,,,,,,,,,,,,,,,,,,,,,
,,,,,ответы в секундах,,15--20 повторений,,,,,,,,,,,,,,,,,,,,
,,,,,,,,,,,,,,,,,,,,,,,,,,,
графы \ алгоритмы,ответ (число пар),% нач. вершин,выборка,тип графа,multsrc,multsrc_adv,multsrc_adv -e,multsrc_adv -f,multsrc_adv -l,multsrc_adv w,multsrc_adv -b,multsrc_adv -elbfw,,,,,,,,,,,,,,,
init,58860,1,0,c_alias,26.6 ± 0.1,26.7 ± 1.4,28.8 ± 1.2,23.1 ± 0.1,23.7 ± 0.1,14.0 ± 0.9,25.6 ± 0.1,10.30 ± 0.15,,,,,,,,,,,,,,,
arch,80368,1,0,c_alias,37.1 ± 0.2,37.5 ± 1.3,37.0 ± 2.1,32.0 ± 1.1,33.4 ± 1.2,18.3 ± 0.1,36.8 ± 0.0,18.51 ± 1.41,,,,,,,,,,,,,,,
block,80156,1,0,c_alias,35.8 ± 1.5,35.1 ± 0.2,34.4 ± 0.1,32.4 ± 2.4,33.1 ± 2.3,18.1 ± 0.1,34.9 ± 0.1,14.38 ± 0.11,,,,,,,,,,,,,,,
crypto,81064,1,0,c_alias,41.3 ± 2.8,40.3 ± 0.2,40.1 ± 1.3,35.7 ± 1.1,36.2 ± 1.4,19.5 ± 0.2,42.3 ± 2.6,13.92 ± 0.83,,,,,,,,,,,,,,,
drivers,280292,1,0,c_alias,89.6 ± 2.5,89.3 ± 2.4,87.7 ± 0.3,90.1 ± 6.0,93.9 ± 5.1,49.9 ± 3.7,104.4 ± 3.0,42.0 ± 1.2,,,,,,,,,,,,,,,
mm,61429,1,0,c_alias,29.8 ± 2.2,27.6 ± 0.1,27.2 ± 0.1,24.7 ± 0.1,25.1 ± 0.2,15.4 ± 0.1,27.2 ± 0.0,11.36 ± 0.13,,,,,,,,,,,,,,,
ipc,77864,1,0,c_alias,35.9 ± 1.9,35.1 ± 0.1,34.5 ± 0.1,31.3 ± 1.6,32.2 ± 1.9,17.3 ± 0.8,35.6 ± 1.5,12.20 ± 0.74,,,,,,,,,,,,,,,
lib,80093,1,0,c_alias,37.3 ± 2.6,36.2 ± 1.2,35.2 ± 0.1,33.7 ± 2.1,34.4 ± 2.2,17.2 ± 0.1,38.2 ± 2.1,17.18 ± 0.97,,,,,,,,,,,,,,,
security,84295,1,0,c_alias,44.1 ± 0.4,45.3 ± 2.2,43.3 ± 0.5,39.4 ± 0.1,39.9 ± 0.1,26.2 ± 2.1,44.3 ± 0.4,17.81 ± 0.72,,,,,,,,,,,,,,,
sound,90414,1,0,c_alias,44.8 ± 0.9,47.1 ± 3.1,45.3 ± 2.3,40.0 ± 1.2,41.3 ± 1.6,28.3 ± 1.8,45.8 ± 1.4,21.66 ± 1.41,,,,,,,,,,,,,,,
fs,141975,1,0,c_alias,52.6 ± 0.1,57.8 ± 0.6,52.4 ± 1.9,48.0 ± 0.1,48.5 ± 0.1,28.4 ± 0.3,69.2 ± 3.7,21.04 ± 0.8,,,,,,,,,,,,,,,
net,128132,1,0,c_alias,71.9 ± 2.5,72.3 ± 2.7,70.9 ± 2.3,65.6 ± 0.1,66.9 ± 0.1,37.8 ± 2.3,86.8 ± 5.6,27.02 ± 0.1,,,,,,,,,,,,,,,
go_hierarchy,42682,1,0,rdf,0.276 ± 0.002,0.28 ± 0.01,0.26 ± 0.01,0.314 ± 0.019,0.33 ± 0.02,0.28 ± 0.01,0.271 ± 0.002,0.081 ± 0.001,,,,,,,,,,,,,,,aa
go,103995,1,0,rdf,0.950 ± 0.003,0.95 ± 0.01,0.90 ± 0.01,0.936 ± 0.009,0.98 ± 0.01,0.95 ± 0.01,0.948 ± 0.006 ,0.893 ± 0.001,,,,,,,,,,,,,,,
taxonomy_hierarchy,584362,1,0,rdf,12.432 ± 0.058,12.95 ± 0.39,12.36 ± 0.30,13.024 ± 0.035,13.32 ± 0.03,12.95 ± 0.39,12.952 ± 0.288,11.469 ± 0.109,,,,,,,,,,,,,,,
avrora,474,1,0,java,25.1 ± 0.2,0.15 ± 0.01,0.058 ± 0.001,0.553 ± 0.002,0.568 ± 0.002,0.022 ± 0.001,0.091 ± 0.001,0.048 ± 0.002,,,,,,,,,,,,,,,
batik,1601,1,0,java,51.4 ± 0.1,0.30 ± 0.01,0.114 ± 0.001,0.098 ± 0.003,0.103 ± 0.003,0.040 ± 0.001,0.163 ± 0.010,0.094 ± 0.002,,,,,,,,,,,,,,,
commons_io,1232,1,0,java,60.0 ± 4.1,0.39 ± 0.01,0.272 ± 0.001,0.250 ± 0.004,0.255 ± 0.003,0.046 ± 0.001,0.197 ± 0.001,0.082 ± 0.002,,,,,,,,,,,,,,,
commons_lang3,1055,1,0,java,80.1 ± 3.3,0.51 ± 0.01,0.226 ± 0.001,0.219 ± 0.001,0.222 ± 0.001,0.036 ± 0.001,0.290 ± 0.001,0.083 ± 0.002,,,,,,,,,,,,,,,
eclipse,682,1,0,java,49.4 ± 4.5,0.26 ± 0.01,0.091 ± 0.001,0.076 ± 0.001,0.079 ± 0.001,0.024 ± 0.001,0.157 ± 0.001,0.048 ± 0.001,,,,,,,,,,,,,,,
fop,1855,1,0,java,96.2 ± 6.9,0.54 ± 0.01,0.185 ± 0.002,0.145 ± 0.001,0.147 ± 0.001,0.064 ± 0.001,0.331 ± 0.034,0.179 ± 0.003,,,,,,,,,,,,,,,
gson,996,1,0,java,34.7 ± 3.6,0.24 ± 0.02,0.132 ± 0.005,0.130 ± 0.002,0.134 ± 0.002,0.023 ± 0.001,0.145 ± 0.001,0.042 ± 0.001,,,,,,,,,,,,,,,
h2,1906,1,0,java,65.4 ± 0.1,0.43 ± 0.03,0.193 ± 0.001,0.178 ± 0.002,0.182 ± 0.002,0.052 ± 0.001,0.238 ± 0.001,0.115 ± 0.016,,,,,,,,,,,,,,,
luindex,243,1,0,java,20.7 ± 0.1,0.12 ± 0.01,0.046 ± 0.001,0.045 ± 0.002,0.045 ± 0.003,0.015 ± 0.001,0.068 ± 0.006,0.028 ± 0.001,,,,,,,,,,,,,,,
mockito,577,1,0,java,62.0 ± 0.1,0.36 ± 0.01,0.154 ± 0.006,0.151 ± 0.001,0.156 ± 0.002,0.027 ± 0.001,0.199 ± 0.028,0.057 ± 0.001,,,,,,,,,,,,,,,
pmd,1388,1,0,java,56.9 ± 0.8,0.35 ± 0.01,0.148 ± 0.027,0.122 ± 0.002,0.123 ± 0.002,0.038 ± 0.001,0.203 ± 0.005,0.090 ± 0.002,,,,,,,,,,,,,,,
sunflow,316,1,0,java,18.6 ± 0.1,0.11 ± 0.01,0.043 ± 0.001,0.043 ± 0.001,0.044 ± 0.001,0.017 ± 0.001,0.062 ± 0.002,0.025 ± 0.000,,,,,,,,,,,,,,,
xalan,1186,1,0,java,96.3 ± 0.6,0.59 ± 0.03,0.214 ± 0.001,0.181 ± 0.002,0.182 ± 0.002,0.052 ± 0.001,0.261 ± 0.015,0.151 ± 0.002,,,,,,,,,,,,,,,
tomcat,1633,1,0,java,203.7 ± 0.2,1.19 ± 0.03,0.390 ± 0.002,0.291 ± 0.003,0.301 ± 0.003,0.121 ± 0.002,0.664 ± 0.003,0.402 ± 0.023,,,,,,,,,,,,,,,
,,,,,,,,,,,,,,,,,,,,,,,,,,,
,,,,,,,,,,,,,,,,,,,,,,,,,,,
графы \ алгоритмы,ответ (число пар),% нач. вершин,выборка,тип графа,multsrc,multsrc_adv,multsrc_adv -e,multsrc_adv -f,multsrc_adv -l,multsrc_adv w,multsrc_adv -b,multsrc_adv -elbfw,,,,,,,,,,,,,,,
init,57587,1,1,c_alias,25.3 ± 0.1,28.4 ± 0.2,28.3 ± 1.1,23.0 ± 1.6,23.6 ± 1.6,13.5 ± 0.2,25.8 ± 1.1,8.9 ± 0.0,,,,,,,,,,,,,,,
arch,80270,1,1,c_alias,52.4 ± 3.2,54.3 ± 3.0,54.4 ± 0.2,45.4 ± 2.3,47.4 ± 2.3,25.5 ± 0.7,55.8 ± 3.5,17.8 ± 0.2,,,,,,,,,,,,,,,
block,80520,1,1,c_alias,35.3 ± 0.1,39.3 ± 2.4,35.2 ± 0.1,31.4 ± 0.1,32.1 ± 0.1,17.7 ± 0.1,36.2 ± 1.4,12.8 ± 0.5,,,,,,,,,,,,,,,
crypto,81094,1,1,c_alias,36.2 ± 0.1,36.6 ± 0.2,39.3 ± 2.3,33.8 ± 2.1,34.2 ± 2.6,18.3 ± 0.0,39.0 ± 2.3,14.4 ± 0.2,,,,,,,,,,,,,,,
drivers,278382,1,1,c_alias,101.9 ± 1.1,107.0 ± 5.2,103.6 ± 2.5,104.9 ± 1.0,109.3 ± 0.8,63.0 ± 1.4,108.2 ± 3.7,56.7 ± 3.5,,,,,,,,,,,,,,,
mm,60674,1,1,c_alias,32.0 ± 0.9,28.8 ± 0.2,31.6 ± 0.9,25.4 ± 0.1,25.8 ± 0.1,15.3 ± 0.2,31.0 ± 2.4,9.9 ± 0.3,,,,,,,,,,,,,,,
ipc,78400,1,1,c_alias,39.7 ± 0.2,35.4 ± 0.1,36.1 ± 1.9,31.1 ± 0.1,32.0 ± 0.1,17.3 ± 0.4,35.8 ± 0.0,13.2 ± 0.9,,,,,,,,,,,,,,,
lib,78943,1,1,c_alias,42.3 ± 0.2,43.3 ± 0.7,42.0 ± 0.1,38.2 ± 1.5,39.0 ± 1.5,21.9 ± 0.2,45.0 ± 3.1,17.6 ± 0.2,,,,,,,,,,,,,,,
security,85780,1,1,c_alias,47.5 ± 2.6,44.5 ± 0.1,43.0 ± 0.2,42.5 ± 2.3,43.0 ± 2.8,24.4 ± 0.1,44.2 ± 0.4,17.8 ± 0.6,,,,,,,,,,,,,,,
sound,90463,1,1,c_alias,46.7 ± 3.2,44.8 ± 0.1,43.6 ± 0.1,39.0 ± 0.1,40.3 ± 0.1,26.9 ± 0.1,46.4 ± 3.1,20.0 ± 0.1,,,,,,,,,,,,,,,
fs,140252,1,1,c_alias,68.1 ± 3.9,72.2 ± 4.6,67.8 ± 3.6,60.9 ± 0.1,61.5 ± 0.1,37.3 ± 0.1,73.0 ± 3.6,28.5 ± 2.0,,,,,,,,,,,,,,,
net,133796,1,1,c_alias,89.2 ± 0.3,86.4 ± 5.1,81.0 ± 0.2,75.2 ± 0.1,76.7 ± 0.1,45.0 ± 2.2,85.6 ± 4.5,33.4 ± 1.9,,,,,,,,,,,,,,,
go_hierarchy,33025,1,1,rdf,0.117 ± 0.001,0.10 ± 0.01,0.09 ± 0.01,0.093 ± 0.010,0.10 ± 0.01,0.10 ± 0.01,0.097 ± 0.003,0.080 ± 0.001,,,,,,,,,,,,,,,
go,104674,1,1,rdf,2.238 ± 0.140,1.92 ± 0.02,1.95 ± 0.01,2.103 ± 0.114,2.24 ± 0.12,1.92 ± 0.02,1.921 ± 0.007,1.606 ± 0.006,,,,,,,,,,,,,,,
taxonomy_hierarchy,840404,1,1,rdf,15.978 ± 0.310,16.28 ± 0.04,15.28 ± 0.06,16.432 ± 0.560,16.75 ± 0.48,16.28 ± 0.04,15.849 ± 0.043,15.015 ± 0.144,,,,,,,,,,,,,,,
avrora,538,1,1,java,17.611 ± 0.135,0.122 ± 0.002,0.051 ± 0.001,0.055 ± 0.003,0.058 ± 0.003,0.043 ± 0.003,0.052 ± 0.001,0.046 ± 0.001,,,,,,,,,,,,,,,
batik,1178,1,1,java,86.528 ± 5.017,0.495 ± 0.002,0.158 ± 0.001,0.147 ± 0.005,0.155 ± 0.005,0.102 ± 0.003,0.213 ± 0.003,0.116 ± 0.003,,,,,,,,,,,,,,,
commons_io,1077,1,1,java,45.645 ± 0.268,0.263 ± 0.001,0.113 ± 0.001,0.124 ± 0.004,0.126 ± 0.003,0.046 ± 0.001,0.138 ± 0.000,0.063 ± 0.022,,,,,,,,,,,,,,,
commons_lang3,1139,1,1,java,67.931 ± 0.337,0.394 ± 0.002,0.161 ± 0.001,0.182 ± 0.002,0.184 ± 0.003,0.061 ± 0.002,0.203 ± 0.001,0.071 ± 0.002,,,,,,,,,,,,,,,
eclipse,566,1,1,java,28.417 ± 0.238,0.160 ± 0.002,0.055 ± 0.001,0.051 ± 0.001,0.053 ± 0.001,0.044 ± 0.002,0.072 ± 0.001,0.044 ± 0.001,,,,,,,,,,,,,,,
fop,1629,1,1,java,68.579 ± 0.938,0.311 ± 0.001,0.151 ± 0.002,0.153 ± 0.002,0.156 ± 0.003,0.123 ± 0.001,0.179 ± 0.001,0.139 ± 0.002,,,,,,,,,,,,,,,
gson,824,1,1,java,50.119 ± 5.073,0.270 ± 0.001,0.136 ± 0.001,0.148 ± 0.002,0.153 ± 0.002,0.040 ± 0.002,0.164 ± 0.004,0.040 ± 0.001,,,,,,,,,,,,,,,
h2,1593,1,1,java,68.236 ± 0.307,0.405 ± 0.002,0.172 ± 0.002,0.188 ± 0.003,0.192 ± 0.003,0.092 ± 0.001,0.209 ± 0.001,0.104 ± 0.021,,,,,,,,,,,,,,,
luindex,181,1,1,java,20.422 ± 0.162,0.116 ± 0.001,0.041 ± 0.001,0.045 ± 0.001,0.045 ± 0.001,0.023 ± 0.001,0.059 ± 0.001,0.022 ± 0.001,,,,,,,,,,,,,,,
mockito,558,1,1,java,62.639 ± 0.248,0.334 ± 0.002,0.126 ± 0.001,0.149 ± 0.003,0.154 ± 0.004,0.051 ± 0.001,0.163 ± 0.001,0.058 ± 0.002,,,,,,,,,,,,,,,
pmd,1151,1,1,java,55.588 ± 5.126,0.322 ± 0.002,0.124 ± 0.001,0.136 ± 0.003,0.137 ± 0.003,0.069 ± 0.001,0.161 ± 0.001,0.077 ± 0.002,,,,,,,,,,,,,,,
sunflow,247,1,1,java,20.437 ± 0.193,0.108 ± 0.001,0.033 ± 0.001,0.037 ± 0.001,0.037 ± 0.001,0.025 ± 0.001,0.052 ± 0.001,0.022 ± 0.000,,,,,,,,,,,,,,,
xalan,1081,1,1,java,137.827 ± 0.466,0.834 ± 0.003,0.323 ± 0.003,0.341 ± 0.004,0.343 ± 0.005,0.180 ± 0.004,0.361 ± 0.002,0.208 ± 0.004,,,,,,,,,,,,,,,
tomcat,1584,1,1,java,213.957 ± 4.491,1.283 ± 0.003,0.464 ± 0.002,0.479 ± 0.007,0.495 ± 0.006,0.375 ± 0.004,0.542 ± 0.001,0.437 ± 0.005,,,,,,,,,,,,,,,
,,,,,,,,,,,,,,,,,,,,,,,,,,,
,,,,,,,,,,,,,,,,,,,,,,,,,,,
графы \ алгоритмы,ответ (число в.),% нач. вершин,выборка,тип графа,multsrc,multsrc_adv,multsrc_adv -e,multsrc_adv -f,multsrc_adv -l,multsrc_adv w,multsrc_adv -b,multsrc_adv -elbfw,,,,,,,,,,,,,,,
init,55379,1,2,c_alias,25.611 ± 0.183,23.0 ± 1.2,22.3 ± 1.3,20.6 ± 1.6,21.1 ± 1.6,11.4 ± 0.5,21.6 ± 0.0,8.5 ± 0.0,,,,,,,,,,,,,,,
arch,79471,1,2,c_alias,42.771 ± 2.842,44.7 ± 2.2,40.1 ± 1.8,34.4 ± 0.1,35.9 ± 0.1,21.3 ± 0.1,40.4 ± 0.0,14.7 ± 0.1,,,,,,,,,,,,,,,
block,79569,1,2,c_alias,39.724 ± 0.118,41.5 ± 3.0,40.7 ± 2.5,34.2 ± 0.2,35.0 ± 0.2,19.5 ± 0.2,39.7 ± 0.9,13.5 ± 0.0,,,,,,,,,,,,,,,
crypto,81968,1,2,c_alias,40.448 ± 2.864,40.4 ± 2.3,39.5 ± 2.3,34.0 ± 1.5,34.4 ± 2.0,18.9 ± 0.1,37.0 ± 0.1,13.3 ± 0.0,,,,,,,,,,,,,,,
drivers,286009,1,2,c_alias,125.430 ± 6.152,123.5 ± 6.5,121.1 ± 4.7,124.1 ± 4.9,129.3 ± 4.1,70.4 ± 6.4,123.4 ± 5.1,58.5 ± 1.3,,,,,,,,,,,,,,,
mm,60676,1,2,c_alias,26.855 ± 0.027,26.4 ± 0.1,25.9 ± 0.1,22.9 ± 0.1,23.3 ± 0.1,12.8 ± 0.1,27.5 ± 2.2,10.4 ± 0.2,,,,,,,,,,,,,,,
ipc,79089,1,2,c_alias,35.122 ± 2.702,36.5 ± 0.4,31.8 ± 0.1,27.9 ± 0.0,28.7 ± 0.0,17.0 ± 1.1,32.2 ± 0.4,12.7 ± 0.2,,,,,,,,,,,,,,,
lib,79032,1,2,c_alias,32.862 ± 0.041,32.5 ± 0.3,34.0 ± 2.0,31.4 ± 1.9,32.1 ± 2.1,16.4 ± 1.3,32.5 ± 0.1,10.8 ± 0.4,,,,,,,,,,,,,,,
security,85049,1,2,c_alias,50.803 ± 2.231,45.1 ± 2.6,42.9 ± 0.6,43.9 ± 0.9,44.4 ± 1.1,24.0 ± 0.5,45.4 ± 3.3,17.1 ± 0.1,,,,,,,,,,,,,,,
sound,89942,1,2,c_alias,47.519 ± 0.338,47.7 ± 0.1,46.8 ± 0.1,41.7 ± 0.1,43.1 ± 0.1,23.0 ± 0.2,52.0 ± 1.0,16.7 ± 0.1,,,,,,,,,,,,,,,
fs,148117,1,2,c_alias,59.811 ± 2.876,57.7 ± 0.3,62.3 ± 3.4,52.5 ± 2.3,53.0 ± 2.4,35.0 ± 1.8,58.2 ± 2.3,24.4 ± 0.0,,,,,,,,,,,,,,,
net,129936,1,2,c_alias,81.850 ± 2.529,80.4 ± 0.1,78.4 ± 0.4,73.4 ± 0.1,74.9 ± 0.1,39.2 ± 2.5,80.7 ± 3.8,28.1 ± 0.1,,,,,,,,,,,,,,,
go_hierarchy,29991,1,2,rdf,0.080 ± 0.026,0.069 ± 0.001,0.062 ± 0.001,0.083 ± 0.001,0.086 ± 0.001,0.069 ± 0.001,0.081 ± 0.001,0.091 ± 0.001,,,,,,,,,,,,,,,
go,101940,1,2,rdf,1.695 ± 0.082,1.407 ± 0.002,1.580 ± 0.012,1.605 ± 0.005,1.676 ± 0.005,1.407 ± 0.002,1.597 ± 0.011,1.947 ± 0.006,,,,,,,,,,,,,,,
taxonomy_hierarchy,665234,1,2,rdf,15.031 ± 0.054,15.094 ± 0.024,15.148 ± 0.075,16.264 ± 0.491,16.586 ± 0.421,15.094 ± 0.024,14.995 ± 0.039,16.577 ± 0.562,,,,,,,,,,,,,,,
avrora,571,1,2,java,33.571 ± 0.224,0.189 ± 0.003,0.066 ± 0.001,0.087 ± 0.002,0.090 ± 0.002,0.049 ± 0.001,0.084 ± 0.001,0.042 ± 0.003,,,,,,,,,,,,,,,
batik,1145,1,2,java,80.801 ± 1.524,0.511 ± 0.002,0.142 ± 0.002,0.168 ± 0.003,0.176 ± 0.003,0.139 ± 0.002,0.212 ± 0.001,0.132 ± 0.003,,,,,,,,,,,,,,,
commons_io,1028,1,2,java,64.366 ± 3.770,0.372 ± 0.003,0.133 ± 0.002,0.188 ± 0.002,0.192 ± 0.002,0.051 ± 0.000,0.185 ± 0.001,0.061 ± 0.026,,,,,,,,,,,,,,,
commons_lang3,1008,1,2,java,76.301 ± 6.218,0.408 ± 0.002,0.136 ± 0.002,0.195 ± 0.002,0.197 ± 0.002,0.074 ± 0.001,0.193 ± 0.001,0.075 ± 0.006,,,,,,,,,,,,,,,
eclipse,534,1,2,java,53.684 ± 2.578,0.279 ± 0.001,0.078 ± 0.001,0.095 ± 0.002,0.099 ± 0.002,0.057 ± 0.000,0.128 ± 0.001,0.049 ± 0.001,,,,,,,,,,,,,,,
fop,1811,1,2,java,105.202 ± 1.835,0.728 ± 0.083,0.209 ± 0.002,0.251 ± 0.001,0.255 ± 0.002,0.181 ± 0.001,0.292 ± 0.001,0.176 ± 0.003,,,,,,,,,,,,,,,
gson,1073,1,2,java,35.147 ± 0.168,0.232 ± 0.001,0.098 ± 0.000,0.136 ± 0.002,0.141 ± 0.002,0.046 ± 0.001,0.134 ± 0.003,0.039 ± 0.001,,,,,,,,,,,,,,,
h2,1906,1,2,java,61.374 ± 0.264,0.400 ± 0.002,0.142 ± 0.002,0.194 ± 0.003,0.198 ± 0.003,0.106 ± 0.001,0.189 ± 0.001,0.096 ± 0.003,,,,,,,,,,,,,,,
luindex,251,1,2,java,20.728 ± 0.024,0.129 ± 0.001,0.037 ± 0.000,0.052 ± 0.000,0.053 ± 0.000,0.028 ± 0.001,0.061 ± 0.002,0.023 ± 0.001,,,,,,,,,,,,,,,
mockito,374,1,2,java,61.040 ± 0.279,0.354 ± 0.003,0.110 ± 0.002,0.161 ± 0.001,0.167 ± 0.002,0.049 ± 0.000,0.157 ± 0.001,0.057 ± 0.012,,,,,,,,,,,,,,,
pmd,1034,1,2,java,66.206 ± 4.515,0.412 ± 0.002,0.123 ± 0.002,0.156 ± 0.003,0.157 ± 0.003,0.072 ± 0.000,0.175 ± 0.001,0.074 ± 0.002,,,,,,,,,,,,,,,
sunflow,475,1,2,java,24.042 ± 0.146,0.113 ± 0.000,0.030 ± 0.000,0.047 ± 0.001,0.048 ± 0.001,0.032 ± 0.000,0.054 ± 0.001,0.026 ± 0.000,,,,,,,,,,,,,,,
xalan,1364,1,2,java,126.840 ± 8.907,0.820 ± 0.003,0.263 ± 0.003,0.364 ± 0.004,0.367 ± 0.005,0.187 ± 0.002,0.325 ± 0.001,0.197 ± 0.015,,,,,,,,,,,,,,,
tomcat,2007,1,2,java,210.347 ± 2.656,1.390 ± 0.001,0.450 ± 0.002,0.536 ± 0.004,0.556 ± 0.004,0.425 ± 0.003,0.562 ± 0.001,0.426 ± 0.004,,,,,,,,,,,,,,,
,,,,,,,,,,,,,,,,,,,,,,,,,,,
,,,,,,,,,,,,,,,,,,,,,,,,,,,
графы \ алгоритмы,ответ (число в.),% нач. вершин,выборка,тип графа,multsrc,multsrc_adv,multsrc_adv -e,multsrc_adv -f,multsrc_adv -l,multsrc_adv w,multsrc_adv -b,multsrc_adv -elbfw,,,,,,,,,,,,,,,
init,57024,1,3,c_alias,24.570 ± 1.672,24.5 ± 1.1,23.7 ± 1.1,21.5 ± 0.9,22.1 ± 0.9,12.7 ± 0.2,23.0 ± 0.0,7.8 ± 0.0,,,,,,,,,,,,,,,
arch,79108,1,3,c_alias,37.759 ± 2.946,37.7 ± 2.3,38.7 ± 1.8,32.6 ± 1.7,34.0 ± 1.9,17.4 ± 0.2,35.5 ± 0.1,13.4 ± 1.1,,,,,,,,,,,,,,,
block,79913,1,3,c_alias,45.102 ± 2.562,47.2 ± 2.9,46.7 ± 0.2,42.1 ± 2.6,43.1 ± 2.1,21.9 ± 1.0,45.5 ± 3.2,16.5 ± 1.4,,,,,,,,,,,,,,,
crypto,80554,1,3,c_alias,37.494 ± 2.707,39.2 ± 1.8,37.7 ± 1.5,32.4 ± 1.5,32.8 ± 1.8,17.2 ± 0.1,34.9 ± 0.3,11.7 ± 0.0,,,,,,,,,,,,,,,
drivers,274140,1,3,c_alias,95.225 ± 0.210,100.3 ± 4.1,99.8 ± 2.9,93.5 ± 4.2,97.4 ± 3.6,56.9 ± 2.3,96.8 ± 4.2,47.9 ± 1.4,,,,,,,,,,,,,,,
mm,59836,1,3,c_alias,24.586 ± 0.024,29.1 ± 0.6,26.8 ± 0.2,21.7 ± 0.9,22.1 ± 1.4,12.2 ± 0.1,24.1 ± 0.0,8.4 ± 0.0,,,,,,,,,,,,,,,
ipc,78866,1,3,c_alias,36.052 ± 0.047,39.1 ± 2.5,34.3 ± 0.2,31.4 ± 1.8,32.3 ± 2.2,18.6 ± 1.1,35.4 ± 0.0,12.1 ± 0.0,,,,,,,,,,,,,,,
lib,80135,1,3,c_alias,36.578 ± 0.039,37.5 ± 1.8,38.9 ± 1.6,32.0 ± 1.8,32.7 ± 1.9,18.8 ± 0.9,37.2 ± 1.3,12.0 ± 0.0,,,,,,,,,,,,,,,
security,84165,1,3,c_alias,48.804 ± 3.561,46.1 ± 2.9,45.1 ± 1.9,40.8 ± 1.1,41.3 ± 1.4,23.2 ± 0.5,42.7 ± 0.0,16.0 ± 0.0,,,,,,,,,,,,,,,
sound,91704,1,3,c_alias,51.281 ± 3.952,52.2 ± 3.0,50.7 ± 2.6,47.3 ± 1.1,48.9 ± 1.5,31.5 ± 1.0,49.2 ± 0.0,20.5 ± 0.0,,,,,,,,,,,,,,,
fs,139731,1,3,c_alias,50.183 ± 0.034,53.5 ± 2.7,53.7 ± 2.5,49.2 ± 2.4,49.7 ± 2.6,31.3 ± 1.8,54.1 ± 2.6,24.6 ± 0.2,,,,,,,,,,,,,,,
net,131212,1,3,c_alias,78.360 ± 0.253,87.0 ± 1.5,83.9 ± 4.0,78.2 ± 1.4,79.8 ± 1.5,39.8 ± 0.7,83.1 ± 4.5,27.9 ± 0.1,,,,,,,,,,,,,,,
go_hierarchy,30505,1,3,rdf,0.101 ± 0.001,0.0953 ± 0.0006,0.0770 ± 0.0007,0.100 ± 0.001,0.1028 ± 0.0014,0.0953 ± 0.0006,0.084 ± 0.001,0.328 ± 0.001,,,,,,,,,,,,,,,
go,106631,1,3,rdf,1.077 ± 0.003,0.8838 ± 0.0034,1.0301 ± 0.0027,1.056 ± 0.002,1.1019 ± 0.0019,0.8838 ± 0.0034,0.912 ± 0.007,1.108 ± 0.020,,,,,,,,,,,,,,,
taxonomy_hierarchy,615915,1,3,rdf,10.866 ± 0.027,11.1411 ± 0.0182,10.5816 ± 0.0259,11.811 ± 0.103,12.0715 ± 0.0886,11.1411 ± 0.0182,10.919 ± 0.059,13.593 ± 0.081,,,,,,,,,,,,,,,
avrora,420,1,3,java,14.177 ± 0.130,0.0884 ± 0.0026,0.0438 ± 0.0008,0.046 ± 0.002,0.0479 ± 0.0019,0.0423 ± 0.0010,0.050 ± 0.001,0.050 ± 0.003,,,,,,,,,,,,,,,
batik,1472,1,3,java,78.579 ± 0.210,0.4056 ± 0.0028,0.1564 ± 0.0043,0.156 ± 0.003,0.1639 ± 0.0029,0.0873 ± 0.0015,0.233 ± 0.019,0.083 ± 0.003,,,,,,,,,,,,,,,
commons_io,1315,1,3,java,53.286 ± 0.238,0.2654 ± 0.0024,0.1277 ± 0.0011,0.149 ± 0.002,0.1523 ± 0.0017,0.0492 ± 0.0003,0.192 ± 0.001,0.062 ± 0.015,,,,,,,,,,,,,,,
commons_lang3,1276,1,3,java,77.538 ± 3.215,0.4017 ± 0.0025,0.2022 ± 0.0019,0.241 ± 0.002,0.2438 ± 0.0029,0.0826 ± 0.0007,0.301 ± 0.001,0.091 ± 0.022,,,,,,,,,,,,,,,
eclipse,528,1,3,java,31.263 ± 0.170,0.1601 ± 0.0019,0.0591 ± 0.0003,0.053 ± 0.000,0.0554 ± 0.0004,0.0461 ± 0.0012,0.097 ± 0.004,0.040 ± 0.002,,,,,,,,,,,,,,,
fop,1485,1,3,java,84.427 ± 0.270,0.4502 ± 0.0033,0.1841 ± 0.0010,0.193 ± 0.001,0.1961 ± 0.0020,0.1651 ± 0.0016,0.225 ± 0.001,0.159 ± 0.003,,,,,,,,,,,,,,,
gson,1280,1,3,java,49.988 ± 0.145,0.2236 ± 0.0023,0.1548 ± 0.0009,0.180 ± 0.001,0.1858 ± 0.0015,0.0588 ± 0.0003,0.175 ± 0.001,0.051 ± 0.001,,,,,,,,,,,,,,,
h2,1717,1,3,java,60.711 ± 0.257,0.3180 ± 0.0031,0.1586 ± 0.0021,0.184 ± 0.002,0.1880 ± 0.0024,0.1050 ± 0.0015,0.185 ± 0.001,0.094 ± 0.004,,,,,,,,,,,,,,,
luindex,193,1,3,java,20.075 ± 0.150,0.0998 ± 0.0018,0.0413 ± 0.0008,0.048 ± 0.000,0.0482 ± 0.0004,0.0262 ± 0.0001,0.056 ± 0.002,0.039 ± 0.025,,,,,,,,,,,,,,,
mockito,712,1,3,java,59.954 ± 1.793,0.2767 ± 0.0031,0.1259 ± 0.0004,0.158 ± 0.001,0.1639 ± 0.0019,0.0640 ± 0.0012,0.157 ± 0.001,0.070 ± 0.002,,,,,,,,,,,,,,,
pmd,796,1,3,java,67.748 ± 0.237,0.3615 ± 0.0032,0.1537 ± 0.0015,0.170 ± 0.003,0.1713 ± 0.0028,0.0835 ± 0.0004,0.185 ± 0.001,0.090 ± 0.002,,,,,,,,,,,,,,,
sunflow,554,1,3,java,17.868 ± 0.203,0.0828 ± 0.0006,0.0313 ± 0.0006,0.041 ± 0.000,0.0418 ± 0.0005,0.0282 ± 0.0001,0.046 ± 0.001,0.024 ± 0.000,,,,,,,,,,,,,,,
xalan,1036,1,3,java,114.350 ± 5.254,0.6149 ± 0.0033,0.2697 ± 0.0022,0.303 ± 0.003,0.3051 ± 0.0040,0.2024 ± 0.0022,0.300 ± 0.001,0.224 ± 0.004,,,,,,,,,,,,,,,
tomcat,1622,1,3,java,186.575 ± 4.768,0.9889 ± 0.0030,0.4131 ± 0.0026,0.438 ± 0.004,0.4540 ± 0.0039,0.3322 ± 0.0019,0.477 ± 0.001,0.339 ± 0.022,,,,,,,,,,,,,,,
,,,,,,,,,,,,,,,,,,,,,,,,,,,
,,,,,,,,,,,,,,,,,,,,,,,,,,,
,,,,,,,,,,,,,,,,,,,,,,,,,,,
,,,,,,,,,,,,,,,,,,,,,,,,,,,
,,,,,,,,,,,,,,,,,,,,,,,,,,,
графы \ алгоритмы,ответ (число в.),% нач. вершин,выборка,тип графа,multsrc,multsrc_adv,multsrc_adv -e,multsrc_adv -f,multsrc_adv -l,multsrc_adv w,multsrc_adv -b,multsrc_adv -elbfw,,,,,,,,,,,,,,,
init,282494,5,0,c_alias,100.4 ± 4.3,97.3 ± 2.0,97.317 ± 1.695,94.405 ± 1.922,137.965 ± 6.516,44.428 ± 0.032,98.342 ± 1.793,51.162 ± 2.554,,,,,,,,,,,,,,,
arch,402078,5,0,c_alias,186.9 ± 0.7,163.3 ± 0.3,163.274 ± 0.258,157.708 ± 0.286,226.318 ± 10.220,77.044 ± 0.043,185.170 ± 4.917,91.102 ± 3.600,,,,,,,,,,,,,,,
block,399144,5,0,c_alias,153.4 ± 0.4,156.3 ± 6.8,156.347 ± 6.419,154.101 ± 7.963,202.634 ± 0.861,74.479 ± 0.052,153.786 ± 0.237,83.048 ± 0.022,,,,,,,,,,,,,,,
crypto,406994,5,0,c_alias,129.3 ± 5.2,133.5 ± 1.5,133.489 ± 1.493,131.944 ± 1.212,165.613 ± 0.476,58.199 ± 0.068,130.036 ± 4.107,64.764 ± 0.038,,,,,,,,,,,,,,,
drivers,1427769,5,0,c_alias,306.7 ± 5.6,301.7 ± 1.1,301.709 ± 1.069,291.945 ± 1.337,381.857 ± 8.822,147.934 ± 3.157,304.462 ± 2.939,164.954 ± 0.331,,,,,,,,,,,,,,,
mm,295854,5,0,c_alias,91.0 ± 0.7,81.1 ± 0.3,81.120 ± 0.279,79.883 ± 0.188,106.936 ± 0.043,37.811 ± 0.064,81.044 ± 0.013,48.445 ± 0.303,,,,,,,,,,,,,,,
ipc,395224,5,0,c_alias,133.0 ± 0.2,133.5 ± 0.2,133.542 ± 0.238,130.409 ± 0.167,193.983 ± 5.275,69.313 ± 4.308,133.664 ± 0.036,74.682 ± 4.124,,,,,,,,,,,,,,,
lib,393344,5,0,c_alias,125.5 ± 1.7,125.2 ± 0.1,125.218 ± 0.105,122.914 ± 0.101,177.024 ± 2.423,60.203 ± 2.349,127.085 ± 2.993,63.553 ± 0.157,,,,,,,,,,,,,,,
security,422145,5,0,c_alias,147.5 ± 0.2,145.5 ± 0.5,145.505 ± 0.511,143.923 ± 0.408,212.217 ± 4.055,68.804 ± 0.153,148.301 ± 3.705,77.484 ± 0.080,,,,,,,,,,,,,,,
sound,458867,5,0,c_alias,175.6 ± 3.0,174.1 ± 0.6,174.063 ± 0.615,169.387 ± 0.449,231.327 ± 9.685,76.332 ± 0.366,173.728 ± 0.065,85.562 ± 0.115,,,,,,,,,,,,,,,
fs,721852,5,0,c_alias,178.1 ± 4.9,186.3 ± 10.3,186.323 ± 10.267,184.777 ± 10.033,230.814 ± 10.716,93.768 ± 0.249,175.958 ± 0.482,111.649 ± 6.989,,,,,,,,,,,,,,,
net,666800,5,0,c_alias,300.9 ± 1.0,309.7 ± 9.6,309.716 ± 9.614,306.971 ± 9.075,394.271 ± 7.286,149.436 ± 4.921,305.851 ± 9.462,168.396 ± 9.748,,,,,,,,,,,,,,,
go_hierarchy,170575,5,0,rdf,0.323 ± 0.002,0.305 ± 0.001,0.294 ± 0.002,0.290 ± 0.001,0.320 ± 0.004,0.305 ± 0.001,0.308 ± 0.003,0.289 ± 0.003,,,,,,,,,,,,,,,
go,514031,5,0,rdf,2.886 ± 0.165,2.767 ± 0.041,2.840 ± 0.004,2.789 ± 0.002,2.902 ± 0.023,2.767 ± 0.041,2.843 ± 0.004,3.480 ± 0.328,,,,,,,,,,,,,,,
taxonomy_hierarchy,3664329,5,0,rdf,19.960 ± 0.524,20.661 ± 0.341,19.261 ± 0.038,19.008 ± 0.038,21.121 ± 0.585,20.661 ± 0.341,19.681 ± 0.158,20.407 ± 0.629,,,,,,,,,,,,,,,
avrora,2372,5,0,java,45.484 ± 3.299,0.151 ± 0.039,0.112 ± 0.025,0.129 ± 0.037,0.130 ± 0.002,0.058 ± 0.011,0.129 ± 0.015,0.057 ± 0.011,,,,,,,,,,,,,,,
batik,6495,5,0,java,147.809 ± 0.824,0.474 ± 0.003,0.355 ± 0.036,0.451 ± 0.003,0.484 ± 0.002,0.149 ± 0.001,0.505 ± 0.054,0.140 ± 0.004,,,,,,,,,,,,,,,
commons_io,4885,5,0,java,71.393 ± 2.956,0.309 ± 0.003,0.257 ± 0.032,0.298 ± 0.003,0.355 ± 0.046,0.085 ± 0.001,0.328 ± 0.027,0.074 ± 0.002,,,,,,,,,,,,,,,
commons_lang3,5427,5,0,java,129.385 ± 5.781,0.486 ± 0.003,0.384 ± 0.002,0.471 ± 0.002,0.528 ± 0.002,0.126 ± 0.001,0.443 ± 0.003,0.118 ± 0.004,,,,,,,,,,,,,,,
eclipse,2748,5,0,java,66.228 ± 0.820,0.193 ± 0.002,0.138 ± 0.002,0.185 ± 0.002,0.190 ± 0.001,0.083 ± 0.001,0.186 ± 0.001,0.074 ± 0.001,,,,,,,,,,,,,,,
fop,7764,5,0,java,211.104 ± 4.913,0.627 ± 0.002,0.539 ± 0.027,0.606 ± 0.001,0.654 ± 0.059,0.228 ± 0.001,0.526 ± 0.003,0.231 ± 0.004,,,,,,,,,,,,,,,
gson,4557,5,0,java,56.030 ± 0.162,0.354 ± 0.001,0.356 ± 0.022,0.340 ± 0.001,0.398 ± 0.001,0.061 ± 0.000,0.335 ± 0.003,0.050 ± 0.001,,,,,,,,,,,,,,,
h2,7473,5,0,java,108.518 ± 0.116,0.402 ± 0.004,0.385 ± 0.042,0.388 ± 0.004,0.447 ± 0.001,0.166 ± 0.001,0.349 ± 0.002,0.151 ± 0.003,,,,,,,,,,,,,,,
luindex,986,5,0,java,33.322 ± 2.951,0.067 ± 0.001,0.047 ± 0.000,0.065 ± 0.001,0.056 ± 0.000,0.034 ± 0.000,0.063 ± 0.001,0.028 ± 0.001,,,,,,,,,,,,,,,
mockito,1995,5,0,java,90.611 ± 8.373,0.282 ± 0.002,0.254 ± 0.001,0.270 ± 0.001,0.310 ± 0.002,0.094 ± 0.001,0.248 ± 0.001,0.085 ± 0.002,,,,,,,,,,,,,,,
pmd,5675,5,0,java,87.335 ± 5.639,0.279 ± 0.002,0.249 ± 0.001,0.271 ± 0.002,0.309 ± 0.038,0.119 ± 0.001,0.266 ± 0.003,0.116 ± 0.002,,,,,,,,,,,,,,,
sunflow,1207,5,0,java,28.093 ± 0.036,0.080 ± 0.001,0.074 ± 0.017,0.077 ± 0.001,0.082 ± 0.000,0.046 ± 0.000,0.074 ± 0.001,0.036 ± 0.001,,,,,,,,,,,,,,,
xalan,6268,5,0,java,160.310 ± 12.357,0.513 ± 0.030,0.447 ± 0.002,0.505 ± 0.023,0.533 ± 0.002,0.216 ± 0.001,0.421 ± 0.002,0.220 ± 0.003,,,,,,,,,,,,,,,
tomcat,9639,5,0,java,338.712 ± 6.970,1.122 ± 0.117,0.886 ± 0.069,1.139 ± 0.130,0.968 ± 0.002,0.505 ± 0.001,0.849 ± 0.003,0.539 ± 0.003,,,,,,,,,,,,,,,
,,,,,,,,,,,,,,,,,,,,,,,,,,,
,,,,,,,,,,,,,,,,,,,,,,,,,,,
графы \ алгоритмы,ответ (число в.),% нач. вершин,выборка,тип графа,multsrc,multsrc_adv,multsrc_adv -e,multsrc_adv -f,multsrc_adv -l,multsrc_adv w,multsrc_adv -b,multsrc_adv -elbfw,,,,,,,,,,,,,,,
init,285605,5,1,c_alias,107.590 ± 9.351,106.186 ± 3.065,98.953 ± 2.844,97.024 ± 2.783,135.244 ± 8.864,45.514 ± 0.056,109.803 ± 7.272,50.602 ± 0.160,,,,,,,,,,,,,,,
arch,398358,5,1,c_alias,137.073 ± 8.661,126.122 ± 0.247,138.602 ± 8.575,114.507 ± 0.222,170.723 ± 9.045,61.807 ± 0.022,138.876 ± 0.198,68.307 ± 0.154,,,,,,,,,,,,,,,
block,399583,5,1,c_alias,163.254 ± 7.626,178.006 ± 2.261,162.056 ± 6.258,165.366 ± 2.504,207.174 ± 4.442,81.724 ± 5.863,151.760 ± 1.935,87.431 ± 5.762,,,,,,,,,,,,,,,
crypto,407202,5,1,c_alias,146.135 ± 5.000,139.669 ± 9.570,136.301 ± 6.218,131.331 ± 7.336,182.031 ± 11.801,62.601 ± 0.388,145.894 ± 3.479,69.917 ± 0.203,,,,,,,,,,,,,,,
drivers,1416215,5,1,c_alias,295.102 ± 7.733,295.240 ± 7.162,292.590 ± 2.254,269.447 ± 8.185,366.935 ± 16.588,129.055 ± 5.388,269.528 ± 5.053,140.542 ± 4.831,,,,,,,,,,,,,,,
mm,300139,5,1,c_alias,104.091 ± 6.321,104.382 ± 0.094,113.455 ± 7.254,97.442 ± 0.056,151.359 ± 9.186,49.553 ± 0.074,99.644 ± 0.259,55.980 ± 0.079,,,,,,,,,,,,,,,
ipc,391479,5,1,c_alias,125.734 ± 7.363,125.030 ± 0.286,134.544 ± 6.181,115.326 ± 0.226,163.570 ± 3.619,56.860 ± 0.012,146.842 ± 3.409,62.898 ± 0.019,,,,,,,,,,,,,,,
lib,396291,5,1,c_alias,142.043 ± 4.168,161.997 ± 1.827,139.796 ± 0.217,150.687 ± 1.754,186.060 ± 5.289,69.533 ± 4.560,156.309 ± 3.043,71.807 ± 0.066,,,,,,,,,,,,,,,
security,420752,5,1,c_alias,179.848 ± 5.080,175.889 ± 0.316,159.966 ± 6.790,165.082 ± 0.245,212.307 ± 9.010,82.864 ± 3.384,142.954 ± 0.171,92.662 ± 4.376,,,,,,,,,,,,,,,
sound,457952,5,1,c_alias,151.680 ± 9.683,136.849 ± 0.226,142.214 ± 3.574,125.573 ± 0.159,180.470 ± 0.946,70.976 ± 5.148,167.394 ± 9.181,78.041 ± 4.169,,,,,,,,,,,,,,,
fs,729166,5,1,c_alias,220.837 ± 2.094,200.777 ± 0.438,205.729 ± 2.380,188.705 ± 0.405,269.401 ± 7.091,94.617 ± 0.258,225.032 ± 14.877,110.889 ± 4.501,,,,,,,,,,,,,,,
net,665988,5,1,c_alias,287.880 ± 14.636,266.582 ± 10.106,270.981 ± 16.523,250.611 ± 9.044,345.840 ± 9.217,115.478 ± 0.042,203.731 ± 3.771,131.987 ± 6.508,,,,,,,,,,,,,,,
go_hierarchy,168215,5,1,rdf,0.253 ± 0.002,0.259 ± 0.005,0.274 ± 0.040,0.251 ± 0.038,0.331 ± 0.034,0.253 ± 0.002,0.335 ± 0.003,0.252 ± 0.003,,,,,,,,,,,,,,,
go,507164,5,1,rdf,2.472 ± 0.008,3.198 ± 0.009,3.626 ± 0.041,3.461 ± 0.039,3.288 ± 0.015,2.472 ± 0.008,3.206 ± 0.006,3.137 ± 0.005,,,,,,,,,,,,,,,
taxonomy_hierarchy,3962273,5,1,rdf,21.892 ± 0.899,16.322 ± 0.542,15.403 ± 0.270,15.090 ± 0.315,16.534 ± 0.020,21.892 ± 0.899,16.947 ± 0.500,16.514 ± 0.509,,,,,,,,,,,,,,,
avrora,2459,5,1,java,49.059 ± 0.745,0.137 ± 0.008,0.128 ± 0.032,0.137 ± 0.021,0.151 ± 0.022,0.086 ± 0.041,0.163 ± 0.022,0.079 ± 0.002,,,,,,,,,,,,,,,
batik,6009,5,1,java,198.879 ± 5.049,0.648 ± 0.005,0.586 ± 0.003,0.666 ± 0.002,0.693 ± 0.002,0.168 ± 0.002,0.703 ± 0.002,0.186 ± 0.002,,,,,,,,,,,,,,,
commons_io,5265,5,1,java,72.309 ± 8.511,0.297 ± 0.002,0.293 ± 0.001,0.352 ± 0.048,0.359 ± 0.042,0.087 ± 0.001,0.329 ± 0.001,0.091 ± 0.001,,,,,,,,,,,,,,,
commons_lang3,5459,5,1,java,125.874 ± 9.335,0.505 ± 0.002,0.487 ± 0.001,0.563 ± 0.002,0.581 ± 0.002,0.145 ± 0.001,0.570 ± 0.050,0.161 ± 0.002,,,,,,,,,,,,,,,
eclipse,2760,5,1,java,101.453 ± 10.194,0.270 ± 0.002,0.239 ± 0.001,0.270 ± 0.002,0.280 ± 0.002,0.100 ± 0.001,0.289 ± 0.001,0.107 ± 0.001,,,,,,,,,,,,,,,
fop,9272,5,1,java,193.261 ± 9.046,0.686 ± 0.021,0.423 ± 0.029,0.578 ± 0.001,0.597 ± 0.002,0.237 ± 0.001,0.606 ± 0.045,0.274 ± 0.002,,,,,,,,,,,,,,,
gson,4797,5,1,java,64.278 ± 2.286,0.427 ± 0.001,0.309 ± 0.002,0.404 ± 0.036,0.437 ± 0.044,0.070 ± 0.000,0.414 ± 0.001,0.085 ± 0.013,,,,,,,,,,,,,,,
h2,8269,5,1,java,103.225 ± 4.265,0.460 ± 0.001,0.312 ± 0.027,0.426 ± 0.002,0.440 ± 0.002,0.170 ± 0.001,0.413 ± 0.001,0.184 ± 0.002,,,,,,,,,,,,,,,
luindex,976,5,1,java,30.636 ± 1.705,0.106 ± 0.000,0.063 ± 0.001,0.081 ± 0.002,0.084 ± 0.000,0.037 ± 0.001,0.106 ± 0.000,0.037 ± 0.001,,,,,,,,,,,,,,,
mockito,1866,5,1,java,95.063 ± 2.475,0.408 ± 0.052,0.325 ± 0.022,0.363 ± 0.001,0.377 ± 0.001,0.101 ± 0.001,0.357 ± 0.001,0.108 ± 0.001,,,,,,,,,,,,,,,
pmd,4894,5,1,java,90.170 ± 3.151,0.328 ± 0.001,0.254 ± 0.001,0.284 ± 0.002,0.293 ± 0.002,0.118 ± 0.001,0.313 ± 0.042,0.133 ± 0.002,,,,,,,,,,,,,,,
sunflow,1981,5,1,java,37.662 ± 1.536,0.111 ± 0.000,0.087 ± 0.000,0.101 ± 0.005,0.104 ± 0.000,0.045 ± 0.000,0.108 ± 0.000,0.043 ± 0.000,,,,,,,,,,,,,,,
xalan,5620,5,1,java,152.905 ± 3.752,0.547 ± 0.002,0.432 ± 0.002,0.483 ± 0.002,0.497 ± 0.003,0.194 ± 0.001,0.483 ± 0.001,0.227 ± 0.002,,,,,,,,,,,,,,,
tomcat,8346,5,1,java,281.010 ± 2.777,1.014 ± 0.025,0.773 ± 0.056,0.715 ± 0.047,0.717 ± 0.042,0.439 ± 0.002,0.870 ± 0.016,0.521 ± 0.003,,,,,,,,,,,,,,,
,,,,,,,,,,,,,,,,,,,,,,,,,,,
,,,,,,,,,,,,,,,,,,,,,,,,,,,
,,,,,,,,,,,,,,,,,,,,,,,,,,,
,,,,,,,,,,,,,,,,,,,,,,,,,,,
графы \ алгоритмы,ответ (число в.),% нач. вершин,выборка,тип графа,multsrc,multsrc_adv,multsrc_adv -e,multsrc_adv -f,multsrc_adv -l,multsrc_adv w,multsrc_adv -b,multsrc_adv -elbfw,,,,,,,,,,,,,,,
init,283406,5,2,c_alias,84.365 ± 2.067,84.141 ± 0.182,88.719 ± 5.642,81.227 ± 0.173,110.941 ± 0.192,39.354 ± 0.164,112.759 ± 2.266,44.053 ± 0.036,,,,,,,,,,,,,,,
arch,399811,5,2,c_alias,151.719 ± 1.357,149.952 ± 1.105,158.503 ± 5.266,143.864 ± 1.050,196.092 ± 0.814,77.110 ± 1.428,139.990 ± 5.906,77.192 ± 0.014,,,,,,,,,,,,,,,
block,402821,5,2,c_alias,168.052 ± 8.760,156.452 ± 1.707,172.817 ± 5.881,151.475 ± 1.971,203.354 ± 0.043,78.624 ± 4.477,182.507 ± 0.396,83.698 ± 0.126,,,,,,,,,,,,,,,
crypto,409456,5,2,c_alias,124.717 ± 4.863,128.801 ± 6.025,121.927 ± 0.498,125.139 ± 4.778,161.588 ± 0.156,66.495 ± 0.296,160.822 ± 5.943,70.265 ± 0.051,,,,,,,,,,,,,,,
drivers,1431386,5,2,c_alias,280.774 ± 20.459,274.756 ± 4.232,270.483 ± 0.111,264.989 ± 5.117,332.386 ± 4.207,119.817 ± 5.686,319.791 ± 0.334,127.047 ± 0.023,,,,,,,,,,,,,,,
mm,295463,5,2,c_alias,98.019 ± 1.977,97.217 ± 0.017,98.889 ± 0.077,94.143 ± 0.010,135.001 ± 3.380,47.779 ± 2.085,120.916 ± 6.742,51.866 ± 0.034,,,,,,,,,,,,,,,
ipc,391772,5,2,c_alias,162.415 ± 8.785,166.171 ± 0.108,168.104 ± 0.029,160.447 ± 0.089,218.141 ± 3.360,83.479 ± 3.743,134.045 ± 0.014,85.084 ± 0.011,,,,,,,,,,,,,,,
lib,395333,5,2,c_alias,143.251 ± 12.282,133.203 ± 0.112,134.481 ± 0.277,128.850 ± 0.112,172.090 ± 0.029,60.147 ± 0.250,136.773 ± 0.027,72.782 ± 2.253,,,,,,,,,,,,,,,
security,420872,5,2,c_alias,188.453 ± 10.611,196.350 ± 6.291,183.638 ± 10.091,191.071 ± 5.032,229.609 ± 0.031,78.110 ± 1.030,170.068 ± 0.320,99.921 ± 0.627,,,,,,,,,,,,,,,
sound,457972,5,2,c_alias,135.372 ± 6.960,150.917 ± 2.611,136.489 ± 0.135,145.238 ± 1.936,191.728 ± 4.758,65.417 ± 0.910,157.197 ± 4.415,75.880 ± 2.941,,,,,,,,,,,,,,,
fs,721405,5,2,c_alias,187.134 ± 9.105,176.519 ± 0.352,179.898 ± 0.253,171.227 ± 0.336,236.494 ± 10.539,96.515 ± 0.046,220.107 ± 0.129,107.660 ± 0.027,,,,,,,,,,,,,,,
net,666193,5,2,c_alias,300.553 ± 10.768,285.140 ± 3.400,283.033 ± 0.279,276.809 ± 3.165,379.825 ± 24.805,127.726 ± 2.086,236.664 ± 13.273,142.935 ± 0.003,,,,,,,,,,,,,,,
go_hierarchy,165354,5,2,rdf,0.254 ± 0.004,0.268 ± 0.005,0.238 ± 0.004,0.259 ± 0.005,0.335 ± 0.043,0.268 ± 0.005,0.260 ± 0.004,0.248 ± 0.002,,,,,,,,,,,,,,,
go,505741,5,2,rdf,2.504 ± 0.008,2.597 ± 0.178,2.541 ± 0.014,2.423 ± 0.169,2.719 ± 0.008,2.597 ± 0.178,3.001 ± 0.006,2.499 ± 0.005,,,,,,,,,,,,,,,
taxonomy_hierarchy,3961345,5,2,rdf,21.562 ± 0.546,22.889 ± 0.171,20.908 ± 0.717,22.395 ± 0.200,23.716 ± 0.895,22.889 ± 0.171,22.542 ± 0.583,21.822 ± 0.023,,,,,,,,,,,,,,,
avrora,2609,5,2,java,49.120 ± 1.491,0.175 ± 0.027,0.120 ± 0.026,0.153 ± 0.025,0.125 ± 0.031,0.064 ± 0.014,0.119 ± 0.001,0.062 ± 0.014,,,,,,,,,,,,,,,
batik,5790,5,2,java,155.806 ± 7.656,0.491 ± 0.032,0.435 ± 0.002,0.442 ± 0.029,0.427 ± 0.003,0.148 ± 0.001,0.431 ± 0.001,0.142 ± 0.003,,,,,,,,,,,,,,,
commons_io,5546,5,2,java,75.492 ± 5.878,0.314 ± 0.001,0.309 ± 0.031,0.293 ± 0.001,0.297 ± 0.003,0.083 ± 0.001,0.290 ± 0.001,0.074 ± 0.002,,,,,,,,,,,,,,,
commons_lang3,5501,5,2,java,116.516 ± 3.869,0.498 ± 0.003,0.465 ± 0.001,0.468 ± 0.002,0.474 ± 0.003,0.128 ± 0.001,0.452 ± 0.002,0.121 ± 0.004,,,,,,,,,,,,,,,
eclipse,2653,5,2,java,72.773 ± 1.539,0.209 ± 0.002,0.180 ± 0.001,0.194 ± 0.002,0.177 ± 0.002,0.073 ± 0.001,0.191 ± 0.001,0.067 ± 0.002,,,,,,,,,,,,,,,
fop,8469,5,2,java,246.079 ± 1.966,0.684 ± 0.002,0.528 ± 0.047,0.641 ± 0.001,0.599 ± 0.003,0.227 ± 0.001,0.588 ± 0.002,0.234 ± 0.002,,,,,,,,,,,,,,,
gson,5082,5,2,java,59.001 ± 1.680,0.400 ± 0.032,0.403 ± 0.001,0.360 ± 0.025,0.386 ± 0.003,0.068 ± 0.000,0.382 ± 0.001,0.056 ± 0.001,,,,,,,,,,,,,,,
h2,7113,5,2,java,119.018 ± 8.532,0.404 ± 0.030,0.371 ± 0.001,0.381 ± 0.029,0.380 ± 0.003,0.161 ± 0.001,0.354 ± 0.002,0.151 ± 0.003,,,,,,,,,,,,,,,
luindex,1056,5,2,java,40.785 ± 1.827,0.123 ± 0.001,0.113 ± 0.017,0.116 ± 0.001,0.107 ± 0.001,0.040 ± 0.000,0.111 ± 0.001,0.034 ± 0.000,,,,,,,,,,,,,,,
mockito,1821,5,2,java,86.388 ± 1.485,0.297 ± 0.002,0.270 ± 0.001,0.276 ± 0.001,0.280 ± 0.002,0.110 ± 0.001,0.267 ± 0.001,0.100 ± 0.002,,,,,,,,,,,,,,,
pmd,5019,5,2,java,85.545 ± 5.084,0.265 ± 0.002,0.243 ± 0.023,0.249 ± 0.002,0.236 ± 0.003,0.113 ± 0.001,0.254 ± 0.002,0.114 ± 0.002,,,,,,,,,,,,,,,
sunflow,1831,5,2,java,33.070 ± 3.561,0.090 ± 0.001,0.082 ± 0.000,0.084 ± 0.001,0.081 ± 0.001,0.047 ± 0.000,0.084 ± 0.002,0.037 ± 0.000,,,,,,,,,,,,,,,
xalan,5957,5,2,java,143.522 ± 1.187,0.464 ± 0.002,0.438 ± 0.045,0.437 ± 0.001,0.422 ± 0.004,0.204 ± 0.001,0.399 ± 0.002,0.214 ± 0.003,,,,,,,,,,,,,,,
tomcat,8543,5,2,java,290.431 ± 2.539,1.079 ± 0.031,0.763 ± 0.001,1.016 ± 0.033,0.725 ± 0.003,0.453 ± 0.002,0.745 ± 0.002,0.491 ± 0.003,,,,,,,,,,,,,,,
,,,,,,,,,,,,,,,,,,,,,,,,,,,
,,,,,,,,,,,,,,,,,,,,,,,,,,,
,,,,,,,,,,,,,,,,,,,,,,,,,,,
,,,,,,,,,,,,,,,,,,,,,,,,,,,
,,,,,,,,,,,,,,,,,,,,,,,,,,,
графы \ алгоритмы,ответ (число в.),% нач. вершин,выборка,тип графа,multsrc,multsrc_adv,multsrc_adv -e,multsrc_adv -f,multsrc_adv -l,multsrc_adv w,multsrc_adv -b,multsrc_adv -elbfw,,,,,,,,,,,,,,,
init,285634,5,3,c_alias,105.314 ± 0.231,105.017 ± 0.685,94.022 ± 3.299,100.279 ± 0.644,135.515 ± 1.643,48.729 ± 2.350,115.776 ± 0.084,49.559 ± 0.026,,,,,,,,,,,,,,,
arch,398649,5,3,c_alias,150.695 ± 0.435,157.261 ± 7.796,174.716 ± 0.659,143.887 ± 7.183,194.284 ± 3.265,68.207 ± 0.149,133.409 ± 0.035,76.899 ± 0.093,,,,,,,,,,,,,,,
block,403651,5,3,c_alias,134.735 ± 10.876,126.130 ± 0.102,128.260 ± 1.199,121.261 ± 0.117,163.162 ± 0.347,56.338 ± 0.118,145.731 ± 9.451,63.229 ± 0.025,,,,,,,,,,,,,,,
crypto,405000,5,3,c_alias,131.870 ± 5.185,126.887 ± 0.077,128.052 ± 0.013,123.789 ± 4.061,164.989 ± 0.254,65.778 ± 4.086,140.239 ± 0.013,66.277 ± 0.051,,,,,,,,,,,,,,,
drivers,1386486,5,3,c_alias,311.419 ± 4.620,290.007 ± 6.626,297.319 ± 10.975,271.829 ± 7.779,370.272 ± 1.723,121.854 ± 4.851,296.874 ± 5.545,138.544 ± 3.516,,,,,,,,,,,,,,,
mm,300889,5,3,c_alias,100.385 ± 6.234,93.353 ± 0.074,98.464 ± 3.671,90.580 ± 1.046,140.182 ± 0.100,50.003 ± 0.254,108.428 ± 0.014,48.606 ± 0.036,,,,,,,,,,,,,,,
ipc,394892,5,3,c_alias,126.383 ± 2.063,124.805 ± 0.026,129.680 ± 5.594,119.172 ± 1.021,168.801 ± 1.697,58.181 ± 2.816,143.789 ± 0.183,62.533 ± 0.053,,,,,,,,,,,,,,,
lib,398833,5,3,c_alias,150.081 ± 10.289,140.741 ± 0.378,157.201 ± 5.815,135.619 ± 2.376,182.295 ± 2.795,65.940 ± 0.553,145.799 ± 0.005,73.674 ± 0.042,,,,,,,,,,,,,,,
security,420038,5,3,c_alias,139.016 ± 3.896,138.614 ± 12.455,129.504 ± 0.093,136.883 ± 10.045,173.222 ± 7.222,70.080 ± 0.050,169.176 ± 5.528,77.795 ± 0.021,,,,,,,,,,,,,,,
sound,450724,5,3,c_alias,157.390 ± 6.217,150.782 ± 1.535,151.391 ± 0.013,142.563 ± 1.117,208.837 ± 0.400,70.156 ± 0.172,154.897 ± 2.216,77.910 ± 0.104,,,,,,,,,,,,,,,
fs,726210,5,3,c_alias,204.941 ± 2.118,179.747 ± 0.022,186.413 ± 7.201,176.098 ± 2.321,233.702 ± 6.057,94.771 ± 0.085,210.341 ± 0.063,121.531 ± 1.455,,,,,,,,,,,,,,,
net,668697,5,3,c_alias,263.400 ± 3.918,267.988 ± 6.823,282.703 ± 16.115,260.544 ± 6.337,343.037 ± 14.939,115.035 ± 0.009,322.917 ± 0.511,131.084 ± 2.995,,,,,,,,,,,,,,,
go_hierarchy,167849,5,3,rdf,0.225 ± 0.003,0.286 ± 0.003,0.271 ± 0.001,0.278 ± 0.003,0.253 ± 0.027,0.286 ± 0.003,0.289 ± 0.002,0.225 ± 0.002,,,,,,,,,,,,,,,
go,506445,5,3,rdf,2.789 ± 0.010,2.964 ± 0.167,2.884 ± 0.015,2.779 ± 0.158,3.058 ± 0.010,2.964 ± 0.167,3.508 ± 0.075,2.869 ± 0.006,,,,,,,,,,,,,,,
taxonomy_hierarchy,3914927,5,3,rdf,21.883 ± 0.665,21.058 ± 0.227,20.981 ± 0.726,20.612 ± 0.265,23.378 ± 0.954,21.058 ± 0.227,21.919 ± 0.716,22.223 ± 0.901,,,,,,,,,,,,,,,
avrora,3033,5,3,java,50.037 ± 0.371,0.189 ± 0.038,0.131 ± 0.028,0.159 ± 0.034,0.162 ± 0.049,0.059 ± 0.015,0.162 ± 0.049,0.066 ± 0.015,,,,,,,,,,,,,,,
batik,6059,5,3,java,179.896 ± 10.782,0.669 ± 0.003,0.499 ± 0.080,0.596 ± 0.003,0.571 ± 0.002,0.152 ± 0.003,0.571 ± 0.002,0.177 ± 0.003,,,,,,,,,,,,,,,
commons_io,5693,5,3,java,68.661 ± 0.242,0.381 ± 0.001,0.305 ± 0.001,0.351 ± 0.001,0.367 ± 0.040,0.066 ± 0.002,0.367 ± 0.040,0.071 ± 0.001,,,,,,,,,,,,,,,
commons_lang3,5832,5,3,java,128.822 ± 0.227,0.683 ± 0.003,0.535 ± 0.002,0.639 ± 0.002,0.633 ± 0.041,0.113 ± 0.002,0.633 ± 0.041,0.130 ± 0.003,,,,,,,,,,,,,,,
eclipse,2659,5,3,java,95.581 ± 1.542,0.339 ± 0.043,0.246 ± 0.036,0.309 ± 0.048,0.223 ± 0.002,0.075 ± 0.002,0.223 ± 0.002,0.083 ± 0.002,,,,,,,,,,,,,,,
fop,8666,5,3,java,157.158 ± 7.551,0.557 ± 0.028,0.398 ± 0.001,0.517 ± 0.017,0.396 ± 0.003,0.205 ± 0.025,0.396 ± 0.003,0.240 ± 0.003,,,,,,,,,,,,,,,
gson,4894,5,3,java,65.152 ± 0.396,0.476 ± 0.051,0.424 ± 0.002,0.415 ± 0.040,0.406 ± 0.003,0.063 ± 0.001,0.406 ± 0.003,0.063 ± 0.001,,,,,,,,,,,,,,,
h2,7558,5,3,java,116.714 ± 0.146,0.525 ± 0.024,0.410 ± 0.043,0.488 ± 0.023,0.407 ± 0.003,0.127 ± 0.001,0.407 ± 0.003,0.139 ± 0.003,,,,,,,,,,,,,,,
luindex,1079,5,3,java,29.176 ± 0.194,0.089 ± 0.020,0.069 ± 0.000,0.086 ± 0.015,0.065 ± 0.000,0.036 ± 0.001,0.065 ± 0.000,0.036 ± 0.001,,,,,,,,,,,,,,,
mockito,1909,5,3,java,92.881 ± 0.169,0.312 ± 0.002,0.246 ± 0.036,0.283 ± 0.001,0.295 ± 0.002,0.073 ± 0.001,0.295 ± 0.002,0.086 ± 0.019,,,,,,,,,,,,,,,
pmd,5524,5,3,java,88.040 ± 0.227,0.273 ± 0.002,0.203 ± 0.002,0.257 ± 0.002,0.244 ± 0.002,0.103 ± 0.002,0.244 ± 0.002,0.130 ± 0.017,,,,,,,,,,,,,,,
sunflow,1760,5,3,java,27.839 ± 0.046,0.083 ± 0.001,0.062 ± 0.001,0.077 ± 0.001,0.074 ± 0.001,0.035 ± 0.001,0.074 ± 0.001,0.033 ± 0.000,,,,,,,,,,,,,,,
xalan,5849,5,3,java,149.994 ± 9.521,0.453 ± 0.002,0.344 ± 0.003,0.426 ± 0.001,0.409 ± 0.003,0.176 ± 0.002,0.409 ± 0.003,0.211 ± 0.003,,,,,,,,,,,,,,,
tomcat,8892,5,3,java,334.533 ± 0.203,1.031 ± 0.003,0.773 ± 0.003,0.925 ± 0.003,0.921 ± 0.002,0.432 ± 0.002,0.921 ± 0.002,0.530 ± 0.003,,,,,,,,,,,,,,,